"","Num","Treatment","Name","Hatchery","OrderOther","sum_abun"
"1",1,"C","T1","VIMS","Alteromonadales",12.5527426160338
"2",1,"C","T1","VIMS","Bacillales",29.5622362869198
"3",1,"C","T1","VIMS","Cellvibrionales",0.160864978902954
"4",1,"C","T1","VIMS","Enterobacterales",0.0210970464135021
"5",1,"C","T1","VIMS","Flavobacteriales",0.311181434599156
"6",1,"C","T1","VIMS","Nannocystales",0.213607594936709
"7",1,"C","T1","VIMS","Nitrosococcales",0.0316455696202532
"8",1,"C","T1","VIMS","Oceanospirillales",1.05485232067511
"9",1,"C","T1","VIMS","Peptostreptococcales-Tissierellales",0
"10",1,"C","T1","VIMS","Pseudomonadales",27.3918776371308
"11",1,"C","T1","VIMS","Rhodobacterales",4.86023206751055
"12",1,"C","T1","VIMS","Vibrionales",9.54377637130802
"13",1,"C","T1","VIMS","Others",4.3441162681669
"14",2,"C","T1","VIMS","Alteromonadales",43.0379746835443
"15",2,"C","T1","VIMS","Bacillales",11.6376582278481
"16",2,"C","T1","VIMS","Cellvibrionales",0.0131856540084388
"17",2,"C","T1","VIMS","Enterobacterales",0
"18",2,"C","T1","VIMS","Flavobacteriales",0.232067510548523
"19",2,"C","T1","VIMS","Nannocystales",0.142405063291139
"20",2,"C","T1","VIMS","Nitrosococcales",0.0131856540084388
"21",2,"C","T1","VIMS","Oceanospirillales",5.83597046413502
"22",2,"C","T1","VIMS","Peptostreptococcales-Tissierellales",0.0369198312236287
"23",2,"C","T1","VIMS","Pseudomonadales",4.40137130801688
"24",2,"C","T1","VIMS","Rhodobacterales",3.65506329113924
"25",2,"C","T1","VIMS","Vibrionales",12.6371308016878
"26",2,"C","T1","VIMS","Others",3.65740740740741
"27",3,"C","T1","VIMS","Alteromonadales",33.7684599156118
"28",3,"C","T1","VIMS","Bacillales",1.83544303797468
"29",3,"C","T1","VIMS","Cellvibrionales",0.0184599156118143
"30",3,"C","T1","VIMS","Enterobacterales",0
"31",3,"C","T1","VIMS","Flavobacteriales",0.0210970464135021
"32",3,"C","T1","VIMS","Nannocystales",0.282172995780591
"33",3,"C","T1","VIMS","Nitrosococcales",0.0263713080168776
"34",3,"C","T1","VIMS","Oceanospirillales",4.74683544303798
"35",3,"C","T1","VIMS","Peptostreptococcales-Tissierellales",0.00791139240506329
"36",3,"C","T1","VIMS","Pseudomonadales",10.0580168776371
"37",3,"C","T1","VIMS","Rhodobacterales",6.0785864978903
"38",3,"C","T1","VIMS","Vibrionales",15.0263713080169
"39",3,"C","T1","VIMS","Others",13.1357536333802
"40",4,"S4","T1","VIMS","Alteromonadales",27.660864978903
"41",4,"S4","T1","VIMS","Bacillales",10.0606540084388
"42",4,"S4","T1","VIMS","Cellvibrionales",0.0870253164556962
"43",4,"S4","T1","VIMS","Enterobacterales",0.0210970464135021
"44",4,"S4","T1","VIMS","Flavobacteriales",0.0712025316455696
"45",4,"S4","T1","VIMS","Nannocystales",0.0131856540084388
"46",4,"S4","T1","VIMS","Nitrosococcales",0.00263713080168776
"47",4,"S4","T1","VIMS","Oceanospirillales",0.532700421940928
"48",4,"S4","T1","VIMS","Peptostreptococcales-Tissierellales",0
"49",4,"S4","T1","VIMS","Pseudomonadales",5.37710970464135
"50",4,"S4","T1","VIMS","Rhodobacterales",5.53533755274262
"51",4,"S4","T1","VIMS","Vibrionales",39.5121308016878
"52",4,"S4","T1","VIMS","Others",6.1348452883263
"53",5,"S4","T1","VIMS","Alteromonadales",16.4161392405063
"54",5,"S4","T1","VIMS","Bacillales",10.4087552742616
"55",5,"S4","T1","VIMS","Cellvibrionales",0.208333333333333
"56",5,"S4","T1","VIMS","Enterobacterales",0.0738396624472574
"57",5,"S4","T1","VIMS","Flavobacteriales",0.0342827004219409
"58",5,"S4","T1","VIMS","Nannocystales",0.0210970464135021
"59",5,"S4","T1","VIMS","Nitrosococcales",0.00527426160337553
"60",5,"S4","T1","VIMS","Oceanospirillales",3.95305907172996
"61",5,"S4","T1","VIMS","Peptostreptococcales-Tissierellales",0.503691983122363
"62",5,"S4","T1","VIMS","Pseudomonadales",0.619725738396624
"63",5,"S4","T1","VIMS","Rhodobacterales",1.66666666666667
"64",5,"S4","T1","VIMS","Vibrionales",58.2621308016878
"65",5,"S4","T1","VIMS","Others",1.50829231129864
"66",6,"S4","T1","VIMS","Alteromonadales",24.9709915611814
"67",6,"S4","T1","VIMS","Bacillales",8.75791139240506
"68",6,"S4","T1","VIMS","Cellvibrionales",0.189873417721519
"69",6,"S4","T1","VIMS","Enterobacterales",1.44514767932489
"70",6,"S4","T1","VIMS","Flavobacteriales",0.0290084388185654
"71",6,"S4","T1","VIMS","Nannocystales",0.0685654008438819
"72",6,"S4","T1","VIMS","Nitrosococcales",0.0105485232067511
"73",6,"S4","T1","VIMS","Oceanospirillales",12.0516877637131
"74",6,"S4","T1","VIMS","Peptostreptococcales-Tissierellales",0.00791139240506329
"75",6,"S4","T1","VIMS","Pseudomonadales",2.29166666666667
"76",6,"S4","T1","VIMS","Rhodobacterales",9.30379746835443
"77",6,"S4","T1","VIMS","Vibrionales",31.3792194092827
"78",6,"S4","T1","VIMS","Others",2.03425339896859
"79",7,"S4","T1","VIMS","Alteromonadales",38.809335443038
"80",7,"S4","T1","VIMS","Bacillales",1.94620253164557
"81",7,"S4","T1","VIMS","Cellvibrionales",0.0316455696202532
"82",7,"S4","T1","VIMS","Enterobacterales",0.0197784810126582
"83",7,"S4","T1","VIMS","Flavobacteriales",0.189873417721519
"84",7,"S4","T1","VIMS","Nannocystales",0.0474683544303797
"85",7,"S4","T1","VIMS","Nitrosococcales",0.0118670886075949
"86",7,"S4","T1","VIMS","Oceanospirillales",17.5237341772152
"87",7,"S4","T1","VIMS","Peptostreptococcales-Tissierellales",0
"88",7,"S4","T1","VIMS","Pseudomonadales",6.37658227848101
"89",7,"S4","T1","VIMS","Rhodobacterales",6.4121835443038
"90",7,"S4","T1","VIMS","Vibrionales",10.245253164557
"91",7,"S4","T1","VIMS","Others",7.0101529535865
"92",8,"S4","T1","VIMS","Alteromonadales",39.3723628691983
"93",8,"S4","T1","VIMS","Bacillales",23.9293248945148
"94",8,"S4","T1","VIMS","Cellvibrionales",0.0870253164556962
"95",8,"S4","T1","VIMS","Enterobacterales",0.0843881856540084
"96",8,"S4","T1","VIMS","Flavobacteriales",0.461497890295359
"97",8,"S4","T1","VIMS","Nannocystales",0.0210970464135021
"98",8,"S4","T1","VIMS","Nitrosococcales",0.00791139240506329
"99",8,"S4","T1","VIMS","Oceanospirillales",2.76898734177215
"100",8,"S4","T1","VIMS","Peptostreptococcales-Tissierellales",0
"101",8,"S4","T1","VIMS","Pseudomonadales",1.58755274261603
"102",8,"S4","T1","VIMS","Rhodobacterales",2.07542194092827
"103",8,"S4","T1","VIMS","Vibrionales",3.10654008438819
"104",8,"S4","T1","VIMS","Others",11.7085677449601
"105",9,"S4","T1","VIMS","Alteromonadales",59.8206751054852
"106",9,"S4","T1","VIMS","Bacillales",2.87447257383966
"107",9,"S4","T1","VIMS","Cellvibrionales",0.0738396624472574
"108",9,"S4","T1","VIMS","Enterobacterales",0.00527426160337553
"109",9,"S4","T1","VIMS","Flavobacteriales",0.089662447257384
"110",9,"S4","T1","VIMS","Nannocystales",0.108122362869198
"111",9,"S4","T1","VIMS","Nitrosococcales",0.00263713080168776
"112",9,"S4","T1","VIMS","Oceanospirillales",10.4720464135021
"113",9,"S4","T1","VIMS","Peptostreptococcales-Tissierellales",0
"114",9,"S4","T1","VIMS","Pseudomonadales",2.21255274261603
"115",9,"S4","T1","VIMS","Rhodobacterales",5.78586497890295
"116",9,"S4","T1","VIMS","Vibrionales",3.83966244725738
"117",9,"S4","T1","VIMS","Others",5.74894514767932
"118",10,"C","T2","VIMS","Alteromonadales",25.253164556962
"119",10,"C","T2","VIMS","Bacillales",0.1292194092827
"120",10,"C","T2","VIMS","Cellvibrionales",5.01845991561181
"121",10,"C","T2","VIMS","Enterobacterales",0.158227848101266
"122",10,"C","T2","VIMS","Flavobacteriales",0.113396624472574
"123",10,"C","T2","VIMS","Nannocystales",0.250527426160338
"124",10,"C","T2","VIMS","Nitrosococcales",5.26371308016878
"125",10,"C","T2","VIMS","Oceanospirillales",5.45886075949367
"126",10,"C","T2","VIMS","Peptostreptococcales-Tissierellales",0.126582278481013
"127",10,"C","T2","VIMS","Pseudomonadales",3.11972573839662
"128",10,"C","T2","VIMS","Rhodobacterales",18.9873417721519
"129",10,"C","T2","VIMS","Vibrionales",4.21149789029536
"130",10,"C","T2","VIMS","Others",5.28949835911861
"131",11,"C","T2","VIMS","Alteromonadales",26.4214135021097
"132",11,"C","T2","VIMS","Bacillales",0.551160337552743
"133",11,"C","T2","VIMS","Cellvibrionales",2.71097046413502
"134",11,"C","T2","VIMS","Enterobacterales",0.0263713080168776
"135",11,"C","T2","VIMS","Flavobacteriales",0.646097046413502
"136",11,"C","T2","VIMS","Nannocystales",0.0606540084388186
"137",11,"C","T2","VIMS","Nitrosococcales",4.47784810126582
"138",11,"C","T2","VIMS","Oceanospirillales",2.99841772151899
"139",11,"C","T2","VIMS","Peptostreptococcales-Tissierellales",0.0738396624472574
"140",11,"C","T2","VIMS","Pseudomonadales",1.50316455696203
"141",11,"C","T2","VIMS","Rhodobacterales",22.70305907173
"142",11,"C","T2","VIMS","Vibrionales",0.350738396624473
"143",11,"C","T2","VIMS","Others",5.53152836380684
"144",12,"C","T2","VIMS","Alteromonadales",20.0184599156118
"145",12,"C","T2","VIMS","Bacillales",1.11814345991561
"146",12,"C","T2","VIMS","Cellvibrionales",2.42088607594937
"147",12,"C","T2","VIMS","Enterobacterales",0.0105485232067511
"148",12,"C","T2","VIMS","Flavobacteriales",0.139767932489451
"149",12,"C","T2","VIMS","Nannocystales",0.0501054852320675
"150",12,"C","T2","VIMS","Nitrosococcales",6.02320675105485
"151",12,"C","T2","VIMS","Oceanospirillales",2.51054852320675
"152",12,"C","T2","VIMS","Peptostreptococcales-Tissierellales",0.0316455696202532
"153",12,"C","T2","VIMS","Pseudomonadales",3.2120253164557
"154",12,"C","T2","VIMS","Rhodobacterales",25.6592827004219
"155",12,"C","T2","VIMS","Vibrionales",1.02848101265823
"156",12,"C","T2","VIMS","Others",6.64908579465541
"157",13,"S4","T2","VIMS","Alteromonadales",29.0585443037975
"158",13,"S4","T2","VIMS","Bacillales",0.100210970464135
"159",13,"S4","T2","VIMS","Cellvibrionales",2.88502109704641
"160",13,"S4","T2","VIMS","Enterobacterales",0
"161",13,"S4","T2","VIMS","Flavobacteriales",0.40084388185654
"162",13,"S4","T2","VIMS","Nannocystales",0.20042194092827
"163",13,"S4","T2","VIMS","Nitrosococcales",5.42194092827004
"164",13,"S4","T2","VIMS","Oceanospirillales",1.93565400843882
"165",13,"S4","T2","VIMS","Peptostreptococcales-Tissierellales",0.00791139240506329
"166",13,"S4","T2","VIMS","Pseudomonadales",1.48206751054852
"167",13,"S4","T2","VIMS","Rhodobacterales",20.4825949367089
"168",13,"S4","T2","VIMS","Vibrionales",0.324367088607595
"169",13,"S4","T2","VIMS","Others",7.00846812001875
"170",14,"S4","T2","VIMS","Alteromonadales",27.745253164557
"171",14,"S4","T2","VIMS","Bacillales",22.5896624472574
"172",14,"S4","T2","VIMS","Cellvibrionales",2.17299578059072
"173",14,"S4","T2","VIMS","Enterobacterales",0.0184599156118143
"174",14,"S4","T2","VIMS","Flavobacteriales",0.158227848101266
"175",14,"S4","T2","VIMS","Nannocystales",0.0342827004219409
"176",14,"S4","T2","VIMS","Nitrosococcales",2.61339662447257
"177",14,"S4","T2","VIMS","Oceanospirillales",3.54957805907173
"178",14,"S4","T2","VIMS","Peptostreptococcales-Tissierellales",0.142405063291139
"179",14,"S4","T2","VIMS","Pseudomonadales",3.32278481012658
"180",14,"S4","T2","VIMS","Rhodobacterales",8.83702531645569
"181",14,"S4","T2","VIMS","Vibrionales",1.1207805907173
"182",14,"S4","T2","VIMS","Others",5.49622011251758
"183",15,"S4","T2","VIMS","Alteromonadales",24.957805907173
"184",15,"S4","T2","VIMS","Bacillales",0.184599156118143
"185",15,"S4","T2","VIMS","Cellvibrionales",1.75632911392405
"186",15,"S4","T2","VIMS","Enterobacterales",0
"187",15,"S4","T2","VIMS","Flavobacteriales",2.60284810126582
"188",15,"S4","T2","VIMS","Nannocystales",0.113396624472574
"189",15,"S4","T2","VIMS","Nitrosococcales",3.22257383966245
"190",15,"S4","T2","VIMS","Oceanospirillales",1.96993670886076
"191",15,"S4","T2","VIMS","Peptostreptococcales-Tissierellales",0.0290084388185654
"192",15,"S4","T2","VIMS","Pseudomonadales",1.42405063291139
"193",15,"S4","T2","VIMS","Rhodobacterales",24.459388185654
"194",15,"S4","T2","VIMS","Vibrionales",0.276898734177215
"195",15,"S4","T2","VIMS","Others",10.2688408345054
"196",16,"C","T3","VIMS","Alteromonadales",22.7347046413502
"197",16,"C","T3","VIMS","Bacillales",0.0369198312236287
"198",16,"C","T3","VIMS","Cellvibrionales",8.26213080168776
"199",16,"C","T3","VIMS","Enterobacterales",0.210970464135021
"200",16,"C","T3","VIMS","Flavobacteriales",5.7331223628692
"201",16,"C","T3","VIMS","Nannocystales",1.27373417721519
"202",16,"C","T3","VIMS","Nitrosococcales",0.0580168776371308
"203",16,"C","T3","VIMS","Oceanospirillales",1.49261603375527
"204",16,"C","T3","VIMS","Peptostreptococcales-Tissierellales",0
"205",16,"C","T3","VIMS","Pseudomonadales",1.08122362869198
"206",16,"C","T3","VIMS","Rhodobacterales",20.371835443038
"207",16,"C","T3","VIMS","Vibrionales",7.34704641350211
"208",16,"C","T3","VIMS","Others",10.1974917955931
"209",17,"C","T3","VIMS","Alteromonadales",9.7415611814346
"210",17,"C","T3","VIMS","Bacillales",0.37710970464135
"211",17,"C","T3","VIMS","Cellvibrionales",3.02742616033755
"212",17,"C","T3","VIMS","Enterobacterales",0.160864978902954
"213",17,"C","T3","VIMS","Flavobacteriales",2.22837552742616
"214",17,"C","T3","VIMS","Nannocystales",1.47679324894515
"215",17,"C","T3","VIMS","Nitrosococcales",0.00263713080168776
"216",17,"C","T3","VIMS","Oceanospirillales",4.17721518987342
"217",17,"C","T3","VIMS","Peptostreptococcales-Tissierellales",0.00263713080168776
"218",17,"C","T3","VIMS","Pseudomonadales",9.81276371308017
"219",17,"C","T3","VIMS","Rhodobacterales",18.3570675105485
"220",17,"C","T3","VIMS","Vibrionales",2.48417721518987
"221",17,"C","T3","VIMS","Others",12.468207923113
"222",18,"C","T3","VIMS","Alteromonadales",14.8707805907173
"223",18,"C","T3","VIMS","Bacillales",0.300632911392405
"224",18,"C","T3","VIMS","Cellvibrionales",12.4894514767932
"225",18,"C","T3","VIMS","Enterobacterales",0.089662447257384
"226",18,"C","T3","VIMS","Flavobacteriales",1.23154008438819
"227",18,"C","T3","VIMS","Nannocystales",5.17932489451477
"228",18,"C","T3","VIMS","Nitrosococcales",0.150316455696203
"229",18,"C","T3","VIMS","Oceanospirillales",3.28586497890295
"230",18,"C","T3","VIMS","Peptostreptococcales-Tissierellales",0.0316455696202532
"231",18,"C","T3","VIMS","Pseudomonadales",3.66033755274262
"232",18,"C","T3","VIMS","Rhodobacterales",9.73628691983122
"233",18,"C","T3","VIMS","Vibrionales",23.5495780590717
"234",18,"C","T3","VIMS","Others",9.82331223628692
"235",19,"C","T3","VIMS","Alteromonadales",16.1471518987342
"236",19,"C","T3","VIMS","Bacillales",1.26318565400844
"237",19,"C","T3","VIMS","Cellvibrionales",5.4957805907173
"238",19,"C","T3","VIMS","Enterobacterales",1.16824894514768
"239",19,"C","T3","VIMS","Flavobacteriales",5.60126582278481
"240",19,"C","T3","VIMS","Nannocystales",0.838607594936709
"241",19,"C","T3","VIMS","Nitrosococcales",0.0369198312236287
"242",19,"C","T3","VIMS","Oceanospirillales",11.6956751054852
"243",19,"C","T3","VIMS","Peptostreptococcales-Tissierellales",0.92035864978903
"244",19,"C","T3","VIMS","Pseudomonadales",4.68090717299578
"245",19,"C","T3","VIMS","Rhodobacterales",10.954641350211
"246",19,"C","T3","VIMS","Vibrionales",3.55748945147679
"247",19,"C","T3","VIMS","Others",11.0830110173465
"248",20,"S4","T3","VIMS","Alteromonadales",11.4003164556962
"249",20,"S4","T3","VIMS","Bacillales",0.762130801687764
"250",20,"S4","T3","VIMS","Cellvibrionales",4.30907172995781
"251",20,"S4","T3","VIMS","Enterobacterales",0.0738396624472574
"252",20,"S4","T3","VIMS","Flavobacteriales",0.57753164556962
"253",20,"S4","T3","VIMS","Nannocystales",7.52373417721519
"254",20,"S4","T3","VIMS","Nitrosococcales",0.055379746835443
"255",20,"S4","T3","VIMS","Oceanospirillales",5.30590717299578
"256",20,"S4","T3","VIMS","Peptostreptococcales-Tissierellales",0.24789029535865
"257",20,"S4","T3","VIMS","Pseudomonadales",0.833333333333333
"258",20,"S4","T3","VIMS","Rhodobacterales",18.4493670886076
"259",20,"S4","T3","VIMS","Vibrionales",0.796413502109705
"260",20,"S4","T3","VIMS","Others",23.8957454289733
"261",21,"S4","T3","VIMS","Alteromonadales",20.0659282700422
"262",21,"S4","T3","VIMS","Bacillales",0.996835443037975
"263",21,"S4","T3","VIMS","Cellvibrionales",11.8723628691983
"264",21,"S4","T3","VIMS","Enterobacterales",0.0922995780590717
"265",21,"S4","T3","VIMS","Flavobacteriales",1.7035864978903
"266",21,"S4","T3","VIMS","Nannocystales",0.595991561181435
"267",21,"S4","T3","VIMS","Nitrosococcales",0.089662447257384
"268",21,"S4","T3","VIMS","Oceanospirillales",2.7373417721519
"269",21,"S4","T3","VIMS","Peptostreptococcales-Tissierellales",0.566983122362869
"270",21,"S4","T3","VIMS","Pseudomonadales",6.63502109704641
"271",21,"S4","T3","VIMS","Rhodobacterales",18.9926160337553
"272",21,"S4","T3","VIMS","Vibrionales",0.632911392405063
"273",21,"S4","T3","VIMS","Others",14.7587611345523
"274",22,"S4","T3","VIMS","Alteromonadales",15.0131856540084
"275",22,"S4","T3","VIMS","Bacillales",0.187236286919831
"276",22,"S4","T3","VIMS","Cellvibrionales",4.70727848101266
"277",22,"S4","T3","VIMS","Enterobacterales",1.55854430379747
"278",22,"S4","T3","VIMS","Flavobacteriales",1.04430379746835
"279",22,"S4","T3","VIMS","Nannocystales",2.7162447257384
"280",22,"S4","T3","VIMS","Nitrosococcales",0.0527426160337553
"281",22,"S4","T3","VIMS","Oceanospirillales",2.94303797468354
"282",22,"S4","T3","VIMS","Peptostreptococcales-Tissierellales",0.0158227848101266
"283",22,"S4","T3","VIMS","Pseudomonadales",1.62183544303797
"284",22,"S4","T3","VIMS","Rhodobacterales",13.3728902953586
"285",22,"S4","T3","VIMS","Vibrionales",10.9572784810127
"286",22,"S4","T3","VIMS","Others",13.2347339428036
"287",23,"S4","T3","VIMS","Alteromonadales",15.3454641350211
"288",23,"S4","T3","VIMS","Bacillales",0.226793248945148
"289",23,"S4","T3","VIMS","Cellvibrionales",4.72310126582278
"290",23,"S4","T3","VIMS","Enterobacterales",4.87605485232068
"291",23,"S4","T3","VIMS","Flavobacteriales",2.38132911392405
"292",23,"S4","T3","VIMS","Nannocystales",1.10495780590717
"293",23,"S4","T3","VIMS","Nitrosococcales",0.0501054852320675
"294",23,"S4","T3","VIMS","Oceanospirillales",4.37763713080169
"295",23,"S4","T3","VIMS","Peptostreptococcales-Tissierellales",0.0395569620253165
"296",23,"S4","T3","VIMS","Pseudomonadales",1.44514767932489
"297",23,"S4","T3","VIMS","Rhodobacterales",17.6186708860759
"298",23,"S4","T3","VIMS","Vibrionales",10.414029535865
"299",23,"S4","T3","VIMS","Others",9.65409634317862
"300",24,"C","T4","VIMS","Alteromonadales",11.6007383966245
"301",24,"C","T4","VIMS","Bacillales",1.57964135021097
"302",24,"C","T4","VIMS","Cellvibrionales",0.640822784810127
"303",24,"C","T4","VIMS","Enterobacterales",0.242616033755274
"304",24,"C","T4","VIMS","Flavobacteriales",2.69778481012658
"305",24,"C","T4","VIMS","Nannocystales",2.60284810126582
"306",24,"C","T4","VIMS","Nitrosococcales",0.142405063291139
"307",24,"C","T4","VIMS","Oceanospirillales",0.640822784810127
"308",24,"C","T4","VIMS","Peptostreptococcales-Tissierellales",0.0685654008438819
"309",24,"C","T4","VIMS","Pseudomonadales",32.8533755274262
"310",24,"C","T4","VIMS","Rhodobacterales",23.95305907173
"311",24,"C","T4","VIMS","Vibrionales",7.44725738396625
"312",24,"C","T4","VIMS","Others",7.28111814345992
"313",25,"C","T4","VIMS","Alteromonadales",20.253164556962
"314",25,"C","T4","VIMS","Bacillales",4.3539029535865
"315",25,"C","T4","VIMS","Cellvibrionales",0.959915611814346
"316",25,"C","T4","VIMS","Enterobacterales",0.205696202531646
"317",25,"C","T4","VIMS","Flavobacteriales",0.321729957805907
"318",25,"C","T4","VIMS","Nannocystales",1.97784810126582
"319",25,"C","T4","VIMS","Nitrosococcales",0.419303797468354
"320",25,"C","T4","VIMS","Oceanospirillales",1.75105485232068
"321",25,"C","T4","VIMS","Peptostreptococcales-Tissierellales",0.0527426160337553
"322",25,"C","T4","VIMS","Pseudomonadales",30.4588607594937
"323",25,"C","T4","VIMS","Rhodobacterales",16.4899789029536
"324",25,"C","T4","VIMS","Vibrionales",3.57594936708861
"325",25,"C","T4","VIMS","Others",6.88364392873887
"326",26,"C","T4","VIMS","Alteromonadales",24.5385021097046
"327",26,"C","T4","VIMS","Bacillales",0.498417721518987
"328",26,"C","T4","VIMS","Cellvibrionales",7.02004219409283
"329",26,"C","T4","VIMS","Enterobacterales",0.535337552742616
"330",26,"C","T4","VIMS","Flavobacteriales",1.56381856540084
"331",26,"C","T4","VIMS","Nannocystales",5.11603375527426
"332",26,"C","T4","VIMS","Nitrosococcales",0.044831223628692
"333",26,"C","T4","VIMS","Oceanospirillales",5.18459915611814
"334",26,"C","T4","VIMS","Peptostreptococcales-Tissierellales",0.748945147679325
"335",26,"C","T4","VIMS","Pseudomonadales",7.66350210970464
"336",26,"C","T4","VIMS","Rhodobacterales",7.12552742616034
"337",26,"C","T4","VIMS","Vibrionales",13.0485232067511
"338",26,"C","T4","VIMS","Others",9.88352672292546
"339",27,"C","T4","VIMS","Alteromonadales",29.0625
"340",27,"C","T4","VIMS","Bacillales",0.33623417721519
"341",27,"C","T4","VIMS","Cellvibrionales",0.893987341772152
"342",27,"C","T4","VIMS","Enterobacterales",0.0158227848101266
"343",27,"C","T4","VIMS","Flavobacteriales",4.49762658227848
"344",27,"C","T4","VIMS","Nannocystales",3.1131329113924
"345",27,"C","T4","VIMS","Nitrosococcales",0.0276898734177215
"346",27,"C","T4","VIMS","Oceanospirillales",3.07753164556962
"347",27,"C","T4","VIMS","Peptostreptococcales-Tissierellales",0.185917721518987
"348",27,"C","T4","VIMS","Pseudomonadales",13.8884493670886
"349",27,"C","T4","VIMS","Rhodobacterales",7.25474683544304
"350",27,"C","T4","VIMS","Vibrionales",24.3829113924051
"351",27,"C","T4","VIMS","Others",6.02694268635724
"352",28,"S4","T4","VIMS","Alteromonadales",39.7626582278481
"353",28,"S4","T4","VIMS","Bacillales",0.276898734177215
"354",28,"S4","T4","VIMS","Cellvibrionales",1.13924050632911
"355",28,"S4","T4","VIMS","Enterobacterales",0.272943037974684
"356",28,"S4","T4","VIMS","Flavobacteriales",0.40743670886076
"357",28,"S4","T4","VIMS","Nannocystales",2.62658227848101
"358",28,"S4","T4","VIMS","Nitrosococcales",0.743670886075949
"359",28,"S4","T4","VIMS","Oceanospirillales",2.10838607594937
"360",28,"S4","T4","VIMS","Peptostreptococcales-Tissierellales",0.340189873417722
"361",28,"S4","T4","VIMS","Pseudomonadales",5.91376582278481
"362",28,"S4","T4","VIMS","Rhodobacterales",18.8647151898734
"363",28,"S4","T4","VIMS","Vibrionales",14.4501582278481
"364",28,"S4","T4","VIMS","Others",4.81825773558368
"365",29,"S4","T4","VIMS","Alteromonadales",49.6097046413502
"366",29,"S4","T4","VIMS","Bacillales",2.82964135021097
"367",29,"S4","T4","VIMS","Cellvibrionales",2.50263713080169
"368",29,"S4","T4","VIMS","Enterobacterales",0.406118143459916
"369",29,"S4","T4","VIMS","Flavobacteriales",0.113396624472574
"370",29,"S4","T4","VIMS","Nannocystales",7.59229957805907
"371",29,"S4","T4","VIMS","Nitrosococcales",0.334915611814346
"372",29,"S4","T4","VIMS","Oceanospirillales",2.70305907172996
"373",29,"S4","T4","VIMS","Peptostreptococcales-Tissierellales",0.15295358649789
"374",29,"S4","T4","VIMS","Pseudomonadales",2.35759493670886
"375",29,"S4","T4","VIMS","Rhodobacterales",7.66350210970464
"376",29,"S4","T4","VIMS","Vibrionales",2.64240506329114
"377",29,"S4","T4","VIMS","Others",6.88774613220816
"378",30,"S4","T4","VIMS","Alteromonadales",37.9852320675105
"379",30,"S4","T4","VIMS","Bacillales",3.25685654008439
"380",30,"S4","T4","VIMS","Cellvibrionales",0.817510548523207
"381",30,"S4","T4","VIMS","Enterobacterales",0.0922995780590717
"382",30,"S4","T4","VIMS","Flavobacteriales",0.838607594936709
"383",30,"S4","T4","VIMS","Nannocystales",5.73575949367089
"384",30,"S4","T4","VIMS","Nitrosococcales",0.192510548523207
"385",30,"S4","T4","VIMS","Oceanospirillales",1.92774261603376
"386",30,"S4","T4","VIMS","Peptostreptococcales-Tissierellales",0.00791139240506329
"387",30,"S4","T4","VIMS","Pseudomonadales",16.0205696202532
"388",30,"S4","T4","VIMS","Rhodobacterales",11.8802742616034
"389",30,"S4","T4","VIMS","Vibrionales",5.68565400843882
"390",30,"S4","T4","VIMS","Others",8.4508321612752
"391",31,"S4","T4","VIMS","Alteromonadales",30.743670886076
"392",31,"S4","T4","VIMS","Bacillales",0.516877637130802
"393",31,"S4","T4","VIMS","Cellvibrionales",0.851793248945148
"394",31,"S4","T4","VIMS","Enterobacterales",0.770042194092827
"395",31,"S4","T4","VIMS","Flavobacteriales",5.76740506329114
"396",31,"S4","T4","VIMS","Nannocystales",3.31223628691983
"397",31,"S4","T4","VIMS","Nitrosococcales",0.0712025316455696
"398",31,"S4","T4","VIMS","Oceanospirillales",2.63713080168776
"399",31,"S4","T4","VIMS","Peptostreptococcales-Tissierellales",0.0316455696202532
"400",31,"S4","T4","VIMS","Pseudomonadales",11.4899789029536
"401",31,"S4","T4","VIMS","Rhodobacterales",13.006329113924
"402",31,"S4","T4","VIMS","Vibrionales",12.1439873417722
"403",31,"S4","T4","VIMS","Others",10.0849742147211
"404",32,"C","T5","Mat","Alteromonadales",2.80327004219409
"405",32,"C","T5","Mat","Bacillales",0.936181434599156
"406",32,"C","T5","Mat","Cellvibrionales",2.63185654008439
"407",32,"C","T5","Mat","Enterobacterales",0.218881856540084
"408",32,"C","T5","Mat","Flavobacteriales",4.96571729957806
"409",32,"C","T5","Mat","Nannocystales",3.30168776371308
"410",32,"C","T5","Mat","Nitrosococcales",26.9963080168776
"411",32,"C","T5","Mat","Oceanospirillales",5.10284810126582
"412",32,"C","T5","Mat","Peptostreptococcales-Tissierellales",0.387658227848101
"413",32,"C","T5","Mat","Pseudomonadales",0.32964135021097
"414",32,"C","T5","Mat","Rhodobacterales",38.6893459915612
"415",32,"C","T5","Mat","Vibrionales",1.65348101265823
"416",32,"C","T5","Mat","Others",6.26714135021097
"417",33,"C","T5","Mat","Alteromonadales",4.332805907173
"418",33,"C","T5","Mat","Bacillales",0.0421940928270042
"419",33,"C","T5","Mat","Cellvibrionales",1.21835443037975
"420",33,"C","T5","Mat","Enterobacterales",0.287447257383966
"421",33,"C","T5","Mat","Flavobacteriales",2.5870253164557
"422",33,"C","T5","Mat","Nannocystales",2.65295358649789
"423",33,"C","T5","Mat","Nitrosococcales",12.6371308016878
"424",33,"C","T5","Mat","Oceanospirillales",2.24947257383966
"425",33,"C","T5","Mat","Peptostreptococcales-Tissierellales",28.6049578059072
"426",33,"C","T5","Mat","Pseudomonadales",0.0210970464135021
"427",33,"C","T5","Mat","Rhodobacterales",16.5611814345992
"428",33,"C","T5","Mat","Vibrionales",6.27637130801688
"429",33,"C","T5","Mat","Others",17.4456458040319
"430",34,"S4","T5","Mat","Alteromonadales",4.03217299578059
"431",34,"S4","T5","Mat","Bacillales",0.0632911392405063
"432",34,"S4","T5","Mat","Cellvibrionales",3.02742616033755
"433",34,"S4","T5","Mat","Enterobacterales",0.126582278481013
"434",34,"S4","T5","Mat","Flavobacteriales",3.85021097046413
"435",34,"S4","T5","Mat","Nannocystales",10.3270042194093
"436",34,"S4","T5","Mat","Nitrosococcales",16.2816455696203
"437",34,"S4","T5","Mat","Oceanospirillales",3.28322784810127
"438",34,"S4","T5","Mat","Peptostreptococcales-Tissierellales",4.33808016877637
"439",34,"S4","T5","Mat","Pseudomonadales",0.0632911392405063
"440",34,"S4","T5","Mat","Rhodobacterales",35.5643459915612
"441",34,"S4","T5","Mat","Vibrionales",2.31803797468354
"442",34,"S4","T5","Mat","Others",11.49475503985
"443",35,"S4","T5","Mat","Alteromonadales",11.4477848101266
"444",35,"S4","T5","Mat","Bacillales",0
"445",35,"S4","T5","Mat","Cellvibrionales",2.01213080168776
"446",35,"S4","T5","Mat","Enterobacterales",0.208333333333333
"447",35,"S4","T5","Mat","Flavobacteriales",3.42563291139241
"448",35,"S4","T5","Mat","Nannocystales",8.18829113924051
"449",35,"S4","T5","Mat","Nitrosococcales",12.6371308016878
"450",35,"S4","T5","Mat","Oceanospirillales",3.98470464135021
"451",35,"S4","T5","Mat","Peptostreptococcales-Tissierellales",4.31962025316456
"452",35,"S4","T5","Mat","Pseudomonadales",0.0395569620253165
"453",35,"S4","T5","Mat","Rhodobacterales",35.878164556962
"454",35,"S4","T5","Mat","Vibrionales",4.4620253164557
"455",35,"S4","T5","Mat","Others",7.49135607126113
"456",36,"C","T6","MK","Alteromonadales",15.2768987341772
"457",36,"C","T6","MK","Bacillales",3.35179324894515
"458",36,"C","T6","MK","Cellvibrionales",0.203059071729958
"459",36,"C","T6","MK","Enterobacterales",0.651371308016878
"460",36,"C","T6","MK","Flavobacteriales",1.46888185654008
"461",36,"C","T6","MK","Nannocystales",0.0263713080168776
"462",36,"C","T6","MK","Nitrosococcales",0.171413502109705
"463",36,"C","T6","MK","Oceanospirillales",4.1376582278481
"464",36,"C","T6","MK","Peptostreptococcales-Tissierellales",0
"465",36,"C","T6","MK","Pseudomonadales",3.94251054852321
"466",36,"C","T6","MK","Rhodobacterales",21.5638185654008
"467",36,"C","T6","MK","Vibrionales",38.8581223628692
"468",36,"C","T6","MK","Others",7.93486286919831
"469",37,"S4","T6","MK","Alteromonadales",21.1445147679325
"470",37,"S4","T6","MK","Bacillales",7.00158227848101
"471",37,"S4","T6","MK","Cellvibrionales",1.09440928270042
"472",37,"S4","T6","MK","Enterobacterales",0.630274261603376
"473",37,"S4","T6","MK","Flavobacteriales",2.20200421940928
"474",37,"S4","T6","MK","Nannocystales",0.0237341772151899
"475",37,"S4","T6","MK","Nitrosococcales",0.469409282700422
"476",37,"S4","T6","MK","Oceanospirillales",4.24050632911392
"477",37,"S4","T6","MK","Peptostreptococcales-Tissierellales",0.0922995780590717
"478",37,"S4","T6","MK","Pseudomonadales",2.64240506329114
"479",37,"S4","T6","MK","Rhodobacterales",41.0363924050633
"480",37,"S4","T6","MK","Vibrionales",6.7246835443038
"481",37,"S4","T6","MK","Others",9.24328996718237
"482",45,"C","T7","MK","Alteromonadales",61.4767932489451
"483",45,"C","T7","MK","Bacillales",0.239978902953586
"484",45,"C","T7","MK","Cellvibrionales",10.4351265822785
"485",45,"C","T7","MK","Enterobacterales",1.91191983122363
"486",45,"C","T7","MK","Flavobacteriales",1.02056962025316
"487",45,"C","T7","MK","Nannocystales",0.303270042194093
"488",45,"C","T7","MK","Nitrosococcales",0.35337552742616
"489",45,"C","T7","MK","Oceanospirillales",5.00791139240506
"490",45,"C","T7","MK","Peptostreptococcales-Tissierellales",0.0290084388185654
"491",45,"C","T7","MK","Pseudomonadales",2.08069620253165
"492",45,"C","T7","MK","Rhodobacterales",10.8939873417722
"493",45,"C","T7","MK","Vibrionales",1.03111814345992
"494",45,"C","T7","MK","Others",3.22374589779653
"495",46,"C","T7","MK","Alteromonadales",52.7848101265823
"496",46,"C","T7","MK","Bacillales",0.123945147679325
"497",46,"C","T7","MK","Cellvibrionales",11.2948312236287
"498",46,"C","T7","MK","Enterobacterales",2.59229957805907
"499",46,"C","T7","MK","Flavobacteriales",2.45253164556962
"500",46,"C","T7","MK","Nannocystales",0.530063291139241
"501",46,"C","T7","MK","Nitrosococcales",0.435126582278481
"502",46,"C","T7","MK","Oceanospirillales",5.96782700421941
"503",46,"C","T7","MK","Peptostreptococcales-Tissierellales",0.300632911392405
"504",46,"C","T7","MK","Pseudomonadales",1.89873417721519
"505",46,"C","T7","MK","Rhodobacterales",12.626582278481
"506",46,"C","T7","MK","Vibrionales",1.09440928270042
"507",46,"C","T7","MK","Others",4.79239920300047
"508",47,"C","T7","MK","Alteromonadales",45.4087552742616
"509",47,"C","T7","MK","Bacillales",0.158227848101266
"510",47,"C","T7","MK","Cellvibrionales",12.8111814345992
"511",47,"C","T7","MK","Enterobacterales",2.19145569620253
"512",47,"C","T7","MK","Flavobacteriales",1.5954641350211
"513",47,"C","T7","MK","Nannocystales",0.622362869198312
"514",47,"C","T7","MK","Nitrosococcales",0.47204641350211
"515",47,"C","T7","MK","Oceanospirillales",8.00105485232068
"516",47,"C","T7","MK","Peptostreptococcales-Tissierellales",0.0105485232067511
"517",47,"C","T7","MK","Pseudomonadales",1.10495780590717
"518",47,"C","T7","MK","Rhodobacterales",16.6007383966245
"519",47,"C","T7","MK","Vibrionales",0.440400843881857
"520",47,"C","T7","MK","Others",6.41101148616971
"521",48,"C","T7","MK","Alteromonadales",50.287447257384
"522",48,"C","T7","MK","Bacillales",0.268987341772152
"523",48,"C","T7","MK","Cellvibrionales",8.99789029535865
"524",48,"C","T7","MK","Enterobacterales",3.11181434599156
"525",48,"C","T7","MK","Flavobacteriales",1.05221518987342
"526",48,"C","T7","MK","Nannocystales",0.609177215189873
"527",48,"C","T7","MK","Nitrosococcales",0.635548523206751
"528",48,"C","T7","MK","Oceanospirillales",4.78639240506329
"529",48,"C","T7","MK","Peptostreptococcales-Tissierellales",0.00527426160337553
"530",48,"C","T7","MK","Pseudomonadales",2.09915611814346
"531",48,"C","T7","MK","Rhodobacterales",15.5116033755274
"532",48,"C","T7","MK","Vibrionales",3.51793248945148
"533",48,"C","T7","MK","Others",4.9796354899203
"534",49,"S4","T7","MK","Alteromonadales",51.3976793248945
"535",49,"S4","T7","MK","Bacillales",0.163502109704641
"536",49,"S4","T7","MK","Cellvibrionales",11.3897679324895
"537",49,"S4","T7","MK","Enterobacterales",1.64293248945148
"538",49,"S4","T7","MK","Flavobacteriales",1.37394514767932
"539",49,"S4","T7","MK","Nannocystales",0.733122362869198
"540",49,"S4","T7","MK","Nitrosococcales",0.498417721518987
"541",49,"S4","T7","MK","Oceanospirillales",6.99103375527426
"542",49,"S4","T7","MK","Peptostreptococcales-Tissierellales",0.0210970464135021
"543",49,"S4","T7","MK","Pseudomonadales",0.64873417721519
"544",49,"S4","T7","MK","Rhodobacterales",13.8370253164557
"545",49,"S4","T7","MK","Vibrionales",0.582805907172996
"546",49,"S4","T7","MK","Others",5.12599624941397
"547",50,"S4","T7","MK","Alteromonadales",55.168776371308
"548",50,"S4","T7","MK","Bacillales",0.0764767932489452
"549",50,"S4","T7","MK","Cellvibrionales",12.035864978903
"550",50,"S4","T7","MK","Enterobacterales",1.54535864978903
"551",50,"S4","T7","MK","Flavobacteriales",1.22626582278481
"552",50,"S4","T7","MK","Nannocystales",0.332278481012658
"553",50,"S4","T7","MK","Nitrosococcales",0.522151898734177
"554",50,"S4","T7","MK","Oceanospirillales",7.28639240506329
"555",50,"S4","T7","MK","Peptostreptococcales-Tissierellales",0.0158227848101266
"556",50,"S4","T7","MK","Pseudomonadales",0.930907172995781
"557",50,"S4","T7","MK","Rhodobacterales",11.4451476793249
"558",50,"S4","T7","MK","Vibrionales",0.535337552742616
"559",50,"S4","T7","MK","Others",5.1432841068917
"560",51,"S4","T7","MK","Alteromonadales",50.3823839662447
"561",51,"S4","T7","MK","Bacillales",0.110759493670886
"562",51,"S4","T7","MK","Cellvibrionales",15.6882911392405
"563",51,"S4","T7","MK","Enterobacterales",1.34493670886076
"564",51,"S4","T7","MK","Flavobacteriales",1.16824894514768
"565",51,"S4","T7","MK","Nannocystales",0.595991561181435
"566",51,"S4","T7","MK","Nitrosococcales",0.625
"567",51,"S4","T7","MK","Oceanospirillales",7.73206751054852
"568",51,"S4","T7","MK","Peptostreptococcales-Tissierellales",0.0131856540084388
"569",51,"S4","T7","MK","Pseudomonadales",1.50580168776371
"570",51,"S4","T7","MK","Rhodobacterales",13.2383966244726
"571",51,"S4","T7","MK","Vibrionales",1.08649789029536
"572",51,"S4","T7","MK","Others",4.84470229723394
"573",52,"S4","T7","MK","Alteromonadales",52.4657172995781
"574",52,"S4","T7","MK","Bacillales",0.150316455696203
"575",52,"S4","T7","MK","Cellvibrionales",10.8412447257384
"576",52,"S4","T7","MK","Enterobacterales",2.12025316455696
"577",52,"S4","T7","MK","Flavobacteriales",2.30485232067511
"578",52,"S4","T7","MK","Nannocystales",0.37710970464135
"579",52,"S4","T7","MK","Nitrosococcales",0.345464135021097
"580",52,"S4","T7","MK","Oceanospirillales",7.25738396624473
"581",52,"S4","T7","MK","Peptostreptococcales-Tissierellales",0.00527426160337553
"582",52,"S4","T7","MK","Pseudomonadales",1.10759493670886
"583",52,"S4","T7","MK","Rhodobacterales",15.3533755274262
"584",52,"S4","T7","MK","Vibrionales",0.437763713080169
"585",52,"S4","T7","MK","Others",4.98710736052508
"586",54,"C","T8_NUV","RWU","Alteromonadales",7.67141350210971
"587",54,"C","T8_NUV","RWU","Bacillales",3.13027426160338
"588",54,"C","T8_NUV","RWU","Cellvibrionales",0.511603375527426
"589",54,"C","T8_NUV","RWU","Enterobacterales",2.30221518987342
"590",54,"C","T8_NUV","RWU","Flavobacteriales",0.443037974683544
"591",54,"C","T8_NUV","RWU","Nannocystales",0.00527426160337553
"592",54,"C","T8_NUV","RWU","Nitrosococcales",0.949367088607595
"593",54,"C","T8_NUV","RWU","Oceanospirillales",0.925632911392405
"594",54,"C","T8_NUV","RWU","Peptostreptococcales-Tissierellales",8.2964135021097
"595",54,"C","T8_NUV","RWU","Pseudomonadales",0.0105485232067511
"596",54,"C","T8_NUV","RWU","Rhodobacterales",14.1060126582278
"597",54,"C","T8_NUV","RWU","Vibrionales",28.7605485232068
"598",54,"C","T8_NUV","RWU","Others",9.58576535396156
"599",55,"C","T8_NUV","RWU","Alteromonadales",16.5189873417722
"600",55,"C","T8_NUV","RWU","Bacillales",0.208333333333333
"601",55,"C","T8_NUV","RWU","Cellvibrionales",0.0791139240506329
"602",55,"C","T8_NUV","RWU","Enterobacterales",7.85601265822785
"603",55,"C","T8_NUV","RWU","Flavobacteriales",0.121308016877637
"604",55,"C","T8_NUV","RWU","Nannocystales",0
"605",55,"C","T8_NUV","RWU","Nitrosococcales",0.0421940928270042
"606",55,"C","T8_NUV","RWU","Oceanospirillales",2.3707805907173
"607",55,"C","T8_NUV","RWU","Peptostreptococcales-Tissierellales",11.9198312236287
"608",55,"C","T8_NUV","RWU","Pseudomonadales",0.0395569620253165
"609",55,"C","T8_NUV","RWU","Rhodobacterales",2.10970464135021
"610",55,"C","T8_NUV","RWU","Vibrionales",15.4535864978903
"611",55,"C","T8_NUV","RWU","Others",4.65600093764651
"612",56,"C","T8_NUV","RWU","Alteromonadales",7.56856540084388
"613",56,"C","T8_NUV","RWU","Bacillales",0.332278481012658
"614",56,"C","T8_NUV","RWU","Cellvibrionales",0.284810126582278
"615",56,"C","T8_NUV","RWU","Enterobacterales",2.94040084388186
"616",56,"C","T8_NUV","RWU","Flavobacteriales",1.38185654008439
"617",56,"C","T8_NUV","RWU","Nannocystales",0
"618",56,"C","T8_NUV","RWU","Nitrosococcales",0.284810126582278
"619",56,"C","T8_NUV","RWU","Oceanospirillales",2.52373417721519
"620",56,"C","T8_NUV","RWU","Peptostreptococcales-Tissierellales",5.73048523206751
"621",56,"C","T8_NUV","RWU","Pseudomonadales",0.232067510548523
"622",56,"C","T8_NUV","RWU","Rhodobacterales",22.2600210970464
"623",56,"C","T8_NUV","RWU","Vibrionales",17.2863924050633
"624",56,"C","T8_NUV","RWU","Others",6.46272855133615
"625",57,"S4","T8_NUV","RWU","Alteromonadales",3.52056962025316
"626",57,"S4","T8_NUV","RWU","Bacillales",0.614451476793249
"627",57,"S4","T8_NUV","RWU","Cellvibrionales",0.450949367088608
"628",57,"S4","T8_NUV","RWU","Enterobacterales",0.340189873417722
"629",57,"S4","T8_NUV","RWU","Flavobacteriales",0.300632911392405
"630",57,"S4","T8_NUV","RWU","Nannocystales",0
"631",57,"S4","T8_NUV","RWU","Nitrosococcales",1.41350210970464
"632",57,"S4","T8_NUV","RWU","Oceanospirillales",5.52742616033755
"633",57,"S4","T8_NUV","RWU","Peptostreptococcales-Tissierellales",2.01740506329114
"634",57,"S4","T8_NUV","RWU","Pseudomonadales",0.0421940928270042
"635",57,"S4","T8_NUV","RWU","Rhodobacterales",51.8802742616034
"636",57,"S4","T8_NUV","RWU","Vibrionales",6.44514767932489
"637",57,"S4","T8_NUV","RWU","Others",5.22840482887951
"638",58,"S4","T8_NUV","RWU","Alteromonadales",8.82647679324895
"639",58,"S4","T8_NUV","RWU","Bacillales",1.47943037974684
"640",58,"S4","T8_NUV","RWU","Cellvibrionales",0.809599156118143
"641",58,"S4","T8_NUV","RWU","Enterobacterales",0.82542194092827
"642",58,"S4","T8_NUV","RWU","Flavobacteriales",0.733122362869198
"643",58,"S4","T8_NUV","RWU","Nannocystales",0
"644",58,"S4","T8_NUV","RWU","Nitrosococcales",1.99103375527426
"645",58,"S4","T8_NUV","RWU","Oceanospirillales",2.94567510548523
"646",58,"S4","T8_NUV","RWU","Peptostreptococcales-Tissierellales",3.47310126582278
"647",58,"S4","T8_NUV","RWU","Pseudomonadales",0.0395569620253165
"648",58,"S4","T8_NUV","RWU","Rhodobacterales",35.9177215189873
"649",58,"S4","T8_NUV","RWU","Vibrionales",22.9694092827004
"650",58,"S4","T8_NUV","RWU","Others",4.22878574777309
"651",59,"S4","T8_NUV","RWU","Alteromonadales",9.43565400843882
"652",59,"S4","T8_NUV","RWU","Bacillales",1.00210970464135
"653",59,"S4","T8_NUV","RWU","Cellvibrionales",0.680379746835443
"654",59,"S4","T8_NUV","RWU","Enterobacterales",1.08649789029536
"655",59,"S4","T8_NUV","RWU","Flavobacteriales",0.287447257383966
"656",59,"S4","T8_NUV","RWU","Nannocystales",0.0131856540084388
"657",59,"S4","T8_NUV","RWU","Nitrosococcales",0.174050632911392
"658",59,"S4","T8_NUV","RWU","Oceanospirillales",2.82700421940928
"659",59,"S4","T8_NUV","RWU","Peptostreptococcales-Tissierellales",14.1323839662447
"660",59,"S4","T8_NUV","RWU","Pseudomonadales",0.0501054852320675
"661",59,"S4","T8_NUV","RWU","Rhodobacterales",30.9388185654008
"662",59,"S4","T8_NUV","RWU","Vibrionales",16.5163502109705
"663",59,"S4","T8_NUV","RWU","Others",8.47515236755743
"664",60,"C","T8_UV","RWU","Alteromonadales",20.6223628691983
"665",60,"C","T8_UV","RWU","Bacillales",0.0316455696202532
"666",60,"C","T8_UV","RWU","Cellvibrionales",0.0817510548523207
"667",60,"C","T8_UV","RWU","Enterobacterales",1.00474683544304
"668",60,"C","T8_UV","RWU","Flavobacteriales",1.47943037974684
"669",60,"C","T8_UV","RWU","Nannocystales",0.00263713080168776
"670",60,"C","T8_UV","RWU","Nitrosococcales",0.0290084388185654
"671",60,"C","T8_UV","RWU","Oceanospirillales",2.56592827004219
"672",60,"C","T8_UV","RWU","Peptostreptococcales-Tissierellales",0
"673",60,"C","T8_UV","RWU","Pseudomonadales",0
"674",60,"C","T8_UV","RWU","Rhodobacterales",10.5959915611814
"675",60,"C","T8_UV","RWU","Vibrionales",41.1867088607595
"676",60,"C","T8_UV","RWU","Others",3.02273792780122
"677",61,"C","T8_UV","RWU","Alteromonadales",46.207805907173
"678",61,"C","T8_UV","RWU","Bacillales",0.0764767932489451
"679",61,"C","T8_UV","RWU","Cellvibrionales",0.0369198312236287
"680",61,"C","T8_UV","RWU","Enterobacterales",1.1629746835443
"681",61,"C","T8_UV","RWU","Flavobacteriales",0.466772151898734
"682",61,"C","T8_UV","RWU","Nannocystales",0.0210970464135021
"683",61,"C","T8_UV","RWU","Nitrosococcales",0.0421940928270042
"684",61,"C","T8_UV","RWU","Oceanospirillales",0.4957805907173
"685",61,"C","T8_UV","RWU","Peptostreptococcales-Tissierellales",0
"686",61,"C","T8_UV","RWU","Pseudomonadales",0.100210970464135
"687",61,"C","T8_UV","RWU","Rhodobacterales",4.20622362869198
"688",61,"C","T8_UV","RWU","Vibrionales",20.6592827004219
"689",61,"C","T8_UV","RWU","Others",2.02399789029536
"690",62,"C","T8_UV","RWU","Alteromonadales",36.706223628692
"691",62,"C","T8_UV","RWU","Bacillales",0.0685654008438819
"692",62,"C","T8_UV","RWU","Cellvibrionales",0.0316455696202532
"693",62,"C","T8_UV","RWU","Enterobacterales",0.738396624472574
"694",62,"C","T8_UV","RWU","Flavobacteriales",0.0316455696202532
"695",62,"C","T8_UV","RWU","Nannocystales",0.0105485232067511
"696",62,"C","T8_UV","RWU","Nitrosococcales",0.0632911392405063
"697",62,"C","T8_UV","RWU","Oceanospirillales",0.255801687763713
"698",62,"C","T8_UV","RWU","Peptostreptococcales-Tissierellales",0
"699",62,"C","T8_UV","RWU","Pseudomonadales",0.0712025316455696
"700",62,"C","T8_UV","RWU","Rhodobacterales",8.30432489451477
"701",62,"C","T8_UV","RWU","Vibrionales",15.540611814346
"702",62,"C","T8_UV","RWU","Others",4.07114392873887
"703",63,"S4","T8_UV","RWU","Alteromonadales",25.9533227848101
"704",63,"S4","T8_UV","RWU","Bacillales",0.193829113924051
"705",63,"S4","T8_UV","RWU","Cellvibrionales",0.0632911392405063
"706",63,"S4","T8_UV","RWU","Enterobacterales",13.4216772151899
"707",63,"S4","T8_UV","RWU","Flavobacteriales",0.0197784810126582
"708",63,"S4","T8_UV","RWU","Nannocystales",0
"709",63,"S4","T8_UV","RWU","Nitrosococcales",0.0474683544303797
"710",63,"S4","T8_UV","RWU","Oceanospirillales",2.84414556962025
"711",63,"S4","T8_UV","RWU","Peptostreptococcales-Tissierellales",0.0118670886075949
"712",63,"S4","T8_UV","RWU","Pseudomonadales",0.0356012658227848
"713",63,"S4","T8_UV","RWU","Rhodobacterales",11.942246835443
"714",63,"S4","T8_UV","RWU","Vibrionales",8.05775316455696
"715",63,"S4","T8_UV","RWU","Others",3.04588607594937
"716",64,"S4","T8_UV","RWU","Alteromonadales",10.8570675105485
"717",64,"S4","T8_UV","RWU","Bacillales",1.01793248945148
"718",64,"S4","T8_UV","RWU","Cellvibrionales",0.234704641350211
"719",64,"S4","T8_UV","RWU","Enterobacterales",1.45833333333333
"720",64,"S4","T8_UV","RWU","Flavobacteriales",0.174050632911392
"721",64,"S4","T8_UV","RWU","Nannocystales",0
"722",64,"S4","T8_UV","RWU","Nitrosococcales",0.234704641350211
"723",64,"S4","T8_UV","RWU","Oceanospirillales",1.94883966244726
"724",64,"S4","T8_UV","RWU","Peptostreptococcales-Tissierellales",0.0712025316455696
"725",64,"S4","T8_UV","RWU","Pseudomonadales",0.00791139240506329
"726",64,"S4","T8_UV","RWU","Rhodobacterales",18.3465189873418
"727",64,"S4","T8_UV","RWU","Vibrionales",23.1540084388186
"728",64,"S4","T8_UV","RWU","Others",4.33339193624004
"729",65,"S4","T8_UV","RWU","Alteromonadales",10.5036919831224
"730",65,"S4","T8_UV","RWU","Bacillales",0.822784810126582
"731",65,"S4","T8_UV","RWU","Cellvibrionales",0.131856540084388
"732",65,"S4","T8_UV","RWU","Enterobacterales",4.6545358649789
"733",65,"S4","T8_UV","RWU","Flavobacteriales",0.192510548523207
"734",65,"S4","T8_UV","RWU","Nannocystales",0
"735",65,"S4","T8_UV","RWU","Nitrosococcales",0.627637130801688
"736",65,"S4","T8_UV","RWU","Oceanospirillales",2.92985232067511
"737",65,"S4","T8_UV","RWU","Peptostreptococcales-Tissierellales",0
"738",65,"S4","T8_UV","RWU","Pseudomonadales",0.142405063291139
"739",65,"S4","T8_UV","RWU","Rhodobacterales",29.0849156118143
"740",65,"S4","T8_UV","RWU","Vibrionales",14.5490506329114
"741",65,"S4","T8_UV","RWU","Others",4.50319385841538
